{"accuracy": [0.6390056014060974, 0.8279061913490295, 0.8918067216873169, 0.9259454011917114, 0.9485294222831726, 0.955007016658783, 0.9758403301239014, 0.9798669219017029, 0.9826680421829224, 0.9851190447807312], "auc_1": [0.8782223463058472, 0.9639577865600586, 0.9828996062278748, 0.991212010383606, 0.9951333999633789, 0.9959814548492432, 0.998456597328186, 0.9989761710166931, 0.9989096522331238, 0.9989480972290039], "f1_score": [[0.5860278606414795, 0.4553190767765045, 0.7419354915618896, 0.7051070332527161], [0.7712317705154419, 0.6666666269302368, 0.925788402557373, 0.9098169207572937], [0.8663875460624695, 0.7822765111923218, 0.9508399963378906, 0.9470489025115967], [0.9059047102928162, 0.8528528213500977, 0.9672998785972595, 0.9651162028312683], [0.9325153231620789, 0.8998516201972961, 0.9787366390228271, 0.9746748208999634], [0.9344448447227478, 0.9117317795753479, 0.980552077293396, 0.985576868057251], [0.9664121270179749, 0.9557126760482788, 0.9887569546699524, 0.9886791706085205], [0.9723379611968994, 0.9585356712341309, 0.9940456748008728, 0.99074387550354], [0.973873496055603, 0.966728925704956, 0.9928057193756104, 0.994159996509552], [0.9799317717552185, 0.9715993404388428, 0.9962406158447266, 0.9900514483451843]], "loss": [0.8328084945678711, 0.44642776250839233, 0.2992294728755951, 0.20804616808891296, 0.14600269496440887, 0.12744805216789246, 0.07390431314706802, 0.056761566549539566, 0.054544784128665924, 0.04597427323460579], "precision_1": [0.7667288780212402, 0.8479586243629456, 0.8994623422622681, 0.9300141930580139, 0.9520620107650757, 0.9567434787750244, 0.9768624305725098, 0.9803646802902222, 0.982822060585022, 0.9852915406227112], "recall_1": [0.5035014152526855, 0.8035714030265808, 0.8786764740943909, 0.9189425706863403, 0.9457283020019531, 0.9525560140609741, 0.975665271282196, 0.9789915680885315, 0.9816176295280457, 0.9851190447807312], "val_accuracy": [0.7345537543296814, 0.7841342687606812, 0.8726163506507874, 0.9191457033157349, 0.9008390307426453, 0.9412662386894226, 0.9672006368637085, 0.9603356122970581, 0.9717772603034973, 0.9656750559806824], "val_auc_1": [0.9310759902000427, 0.9537400603294373, 0.9815422296524048, 0.9894866943359375, 0.986301839351654, 0.993249237537384, 0.9965832829475403, 0.996129035949707, 0.9970886707305908, 0.9966550469398499], "val_f1_score": [[0.7093424797058105, 0.4358973801136017, 0.8662576079368591, 0.8374816179275513], [0.6608315110206604, 0.5932721495628357, 0.8913772702217102, 0.9223300218582153], [0.8652037382125854, 0.7031249403953552, 0.9257540106773376, 0.9475408792495728], [0.8811699748039246, 0.8476189970970154, 0.961445689201355, 0.96910560131073], [0.8651025295257568, 0.7734374403953552, 0.9639422297477722, 0.9630872011184692], [0.9039146304130554, 0.8981481194496155, 0.9787765145301819, 0.9721766710281372], [0.954314649105072, 0.9361701607704163, 0.9877750277519226, 0.9833886623382568], [0.937282145023346, 0.9257503151893616, 0.9938498735427856, 0.9734218716621399], [0.9576546549797058, 0.9487602710723877, 0.9950737953186035, 0.9780033230781555], [0.945454478263855, 0.9326598644256592, 0.9975368976593018, 0.9754500389099121]], "val_loss": [0.6273515820503235, 0.5013309121131897, 0.3073786497116089, 0.21645833551883698, 0.27845126390457153, 0.175459086894989, 0.11437634378671646, 0.12762673199176788, 0.09868817776441574, 0.11942315101623535], "val_precision_1": [0.7831743359565735, 0.8067157864570618, 0.8807482719421387, 0.9244992136955261, 0.9045419692993164, 0.9453426003456116, 0.968654453754425, 0.9602749943733215, 0.972434937953949, 0.966335117816925], "val_recall_1": [0.6887871623039246, 0.7513348460197449, 0.8619374632835388, 0.9153317809104919, 0.8962624073028564, 0.936689555644989, 0.966437816619873, 0.9588100910186768, 0.9687261581420898, 0.9633867144584656]}