{"accuracy": [0.6274510025978088, 0.8182772994041443, 0.8669467568397522, 0.9094887971878052, 0.9322478771209717, 0.9492297172546387, 0.9651610851287842, 0.9768907427787781, 0.9707633256912231, 0.9842436909675598], "auc": [0.8738725185394287, 0.9597705602645874, 0.9763322472572327, 0.9876551628112793, 0.9934815764427185, 0.9953681826591492, 0.9968433976173401, 0.9986199140548706, 0.9978926181793213, 0.9990257620811462], "f1_score": [[0.5760367512702942, 0.45008450746536255, 0.7331641912460327, 0.6886824369430542], [0.7670818567276001, 0.652755856513977, 0.9208044409751892, 0.8935473561286926], [0.8314176201820374, 0.737686038017273, 0.9438901543617249, 0.9286909103393555], [0.8852458596229553, 0.8255769610404968, 0.9597504138946533, 0.9515746235847473], [0.9045072197914124, 0.868980884552002, 0.9706432819366455, 0.972991406917572], [0.9375950694084167, 0.9047797918319702, 0.972230851650238, 0.974778413772583], [0.9514339566230774, 0.9335805773735046, 0.9862414002418518, 0.9835389852523804], [0.9664633870124817, 0.9546467661857605, 0.9928011298179626, 0.98936527967453], [0.9558599591255188, 0.9456844329833984, 0.9918698668479919, 0.9841923713684082], [0.9737542271614075, 0.9706646800041199, 0.9949842691421509, 0.9945054650306702]], "loss": [0.842077374458313, 0.4746236801147461, 0.3568168580532074, 0.24932001531124115, 0.17980897426605225, 0.14614279568195343, 0.11105326563119888, 0.07064202427864075, 0.08545788377523422, 0.04717071354389191], "precision": [0.7788488268852234, 0.8398284316062927, 0.8805349469184875, 0.9165183305740356, 0.9359336495399475, 0.952725350856781, 0.9667838215827942, 0.9773644208908081, 0.9708976149559021, 0.9845884442329407], "recall": [0.4950980246067047, 0.7885153889656067, 0.8529411554336548, 0.9014355540275574, 0.9283963441848755, 0.9455532431602478, 0.963060200214386, 0.9751400351524353, 0.9695377945899963, 0.9842436909675598], "val_accuracy": [0.7002288103103638, 0.7848970293998718, 0.8146452903747559, 0.887109100818634, 0.906941294670105, 0.936689555644989, 0.9054157137870789, 0.9595728516578674, 0.9580472707748413, 0.972540020942688], "val_auc": [0.9119535684585571, 0.9514930844306946, 0.9666900634765625, 0.9832391142845154, 0.9856361746788025, 0.9931690096855164, 0.9855178594589233, 0.9948826432228088, 0.9961724877357483, 0.9974722862243652], "val_f1_score": [[0.7423230409622192, 0.2239999622106552, 0.8236774802207947, 0.769886314868927], [0.7731958627700806, 0.4743589460849762, 0.892617404460907, 0.8672565817832947], [0.7956697940826416, 0.4882628917694092, 0.9112148880958557, 0.9317803382873535], [0.817829430103302, 0.7982062697410583, 0.9592087864875793, 0.9458598494529724], [0.903328001499176, 0.8028932213783264, 0.9422849416732788, 0.9575551152229309], [0.9017543792724609, 0.8793892860412598, 0.981273353099823, 0.9731543064117432], [0.8749999403953552, 0.8198345899581909, 0.9781020879745483, 0.9185867309570312], [0.9560810923576355, 0.9124578237533569, 0.9747291803359985, 0.9884296655654907], [0.9329073429107666, 0.9168081283569336, 0.9938194155693054, 0.9765886068344116], [0.9489290714263916, 0.9485903382301331, 1.0, 0.9833886623382568]], "val_loss": [0.7138118147850037, 0.5224180817604065, 0.4410170316696167, 0.2957313358783722, 0.2737170159816742, 0.17969825863838196, 0.28329941630363464, 0.1326158344745636, 0.12732793390750885, 0.10423220694065094], "val_precision": [0.747195839881897, 0.8095630407333374, 0.8207547068595886, 0.8896551728248596, 0.9101471900939941, 0.9392774701118469, 0.9077632427215576, 0.96100914478302, 0.959386944770813, 0.9732620120048523], "val_recall": [0.6605644822120667, 0.7490465044975281, 0.796338677406311, 0.8855835199356079, 0.8962624073028564, 0.9321128726005554, 0.9008390307426453, 0.9588100910186768, 0.9549961686134338, 0.9717772603034973]}