{"accuracy": [0.7783613204956055, 0.8716736435890198, 0.9003851413726807, 0.9233193397521973, 0.9332982897758484, 0.9471288323402405, 0.9620097875595093, 0.9672619104385376, 0.9786414504051208, 0.9816176295280457], "auc_1": [0.9184247255325317, 0.9781237840652466, 0.9866001009941101, 0.9920200109481812, 0.9937049746513367, 0.9954931139945984, 0.9978939890861511, 0.9984022974967957, 0.9991294741630554, 0.9993888735771179], "f1_score": [[0.742157518863678, 0.6601429581642151, 0.8765742778778076, 0.8108833432197571], [0.8506717085838318, 0.7787344455718994, 0.9446191787719727, 0.8956228494644165], [0.8793565034866333, 0.8164626359939575, 0.9651052355766296, 0.9260646104812622], [0.8990402221679688, 0.8568248152732849, 0.9765257835388184, 0.9480873942375183], [0.911742091178894, 0.8783382177352905, 0.976481556892395, 0.9560176730155945], [0.9330783486366272, 0.900519609451294, 0.9837194681167603, 0.9626839756965637], [0.9446775913238525, 0.9264487028121948, 0.995302140712738, 0.9739546775817871], [0.9502467513084412, 0.9336315989494324, 0.9965505599975586, 0.9815068244934082], [0.9710806608200073, 0.9583643078804016, 0.9984330534934998, 0.9825043082237244], [0.9738338589668274, 0.9619969725608826, 0.9993729591369629, 0.9872982501983643]], "loss": [1.1054322719573975, 0.34496384859085083, 0.26484382152557373, 0.20359158515930176, 0.18079179525375366, 0.14663809537887573, 0.10490457713603973, 0.08851630240678787, 0.06553865969181061, 0.054941486567258835], "precision_1": [0.7972002029418945, 0.8889089822769165, 0.9110594391822815, 0.9307829141616821, 0.939082682132721, 0.9498150944709778, 0.9629043340682983, 0.9688928127288818, 0.9792945981025696, 0.9826315641403198], "recall_1": [0.7577030658721924, 0.8615196347236633, 0.8912814855575562, 0.9157913327217102, 0.9283963441848755, 0.944327712059021, 0.9588585495948792, 0.9651610851287842, 0.9770658016204834, 0.980567216873169], "val_accuracy": [0.8512585759162903, 0.873379111289978, 0.8848207592964172, 0.9046529531478882, 0.9107551574707031, 0.9298245906829834, 0.9382150769233704, 0.9344012141227722, 0.9298245906829834, 0.9435545206069946], "val_auc_1": [0.9719231128692627, 0.9782014489173889, 0.9847304821014404, 0.987392783164978, 0.989678144454956, 0.9933438897132874, 0.9930525422096252, 0.9926601648330688, 0.9945101737976074, 0.9943186640739441], "val_f1_score": [[0.8043087124824524, 0.7519259452819824, 0.9376558065414429, 0.885993480682373], [0.8150942921638489, 0.7879698276519775, 0.9455445408821106, 0.9208399653434753], [0.84881591796875, 0.7846410274505615, 0.9721885323524475, 0.8964450359344482], [0.8746080994606018, 0.8204224705696106, 0.9717791080474854, 0.9251247048377991], [0.8970330953598022, 0.8379309177398682, 0.9735576510429382, 0.9073782563209534], [0.8927943110466003, 0.8785045742988586, 0.9853300452232361, 0.9443507194519043], [0.9152542352676392, 0.8885191082954407, 0.9950859546661377, 0.9335493445396423], [0.9047618508338928, 0.8877722024917603, 0.9878048300743103, 0.9367908239364624], [0.8676469922065735, 0.8831562399864197, 0.99261075258255, 0.9522239565849304], [0.9027777314186096, 0.9001584649085999, 1.0, 0.9520660042762756]], "val_loss": [0.39687466621398926, 0.3457789123058319, 0.2909442186355591, 0.2517682611942291, 0.23397304117679596, 0.18185772001743317, 0.1723615527153015, 0.1826055943965912, 0.18140512704849243, 0.15739727020263672], "val_precision_1": [0.8704000115394592, 0.8913560509681702, 0.8949019312858582, 0.9100077748298645, 0.9199689030647278, 0.9339984655380249, 0.9415384531021118, 0.9400461316108704, 0.9318007826805115, 0.9442322254180908], "val_recall_1": [0.829900860786438, 0.8573607802391052, 0.8703280091285706, 0.8947368264198303, 0.9031273722648621, 0.9282990097999573, 0.9336384534835815, 0.9328756928443909, 0.9275362491607666, 0.942791759967804]}