{"accuracy": [0.7640056014060974, 0.880602240562439, 0.8982843160629272, 0.9269958138465881, 0.9329481720924377, 0.9422268867492676, 0.9560574293136597, 0.9632353186607361, 0.9735644459724426, 0.9765406250953674], "auc": [0.9130951762199402, 0.9810379147529602, 0.9868254065513611, 0.9923322200775146, 0.9931359887123108, 0.995171308517456, 0.9966509938240051, 0.9979811906814575, 0.9986541867256165, 0.9991952776908875], "f1_score": [[0.7348340153694153, 0.6227771043777466, 0.8913316130638123, 0.778897762298584], [0.865844190120697, 0.7907668948173523, 0.955478310585022, 0.894860565662384], [0.8721108436584473, 0.8160236477851868, 0.9670743346214294, 0.9221881628036499], [0.913627564907074, 0.865384578704834, 0.9739729762077332, 0.9446343183517456], [0.9055299162864685, 0.8691138029098511, 0.9874685406684875, 0.9566700458526611], [0.928982675075531, 0.8951255083084106, 0.9858978390693665, 0.9499999284744263], [0.9401447772979736, 0.9158599376678467, 0.9909118413925171, 0.9692201614379883], [0.944486677646637, 0.929503858089447, 0.9946824312210083, 0.976680338382721], [0.9589353203773499, 0.9464683532714844, 0.999059796333313, 0.9838654398918152], [0.9630475044250488, 0.952380895614624, 0.9974937438964844, 0.9880095720291138]], "loss": [1.166884422302246, 0.32165607810020447, 0.26555222272872925, 0.19901733100414276, 0.18003147840499878, 0.15376585721969604, 0.12120701372623444, 0.09991113841533661, 0.07787463814020157, 0.06643305718898773], "precision": [0.7881498336791992, 0.8950695395469666, 0.9131763577461243, 0.933890163898468, 0.9376439452171326, 0.947964608669281, 0.9578355550765991, 0.9653839468955994, 0.9749034643173218, 0.9773684144020081], "recall": [0.7405462265014648, 0.8676470518112183, 0.8893557190895081, 0.919992983341217, 0.9266456365585327, 0.9376750588417053, 0.9544817805290222, 0.961834728717804, 0.9725140333175659, 0.9753151535987854], "val_accuracy": [0.8276125192642212, 0.8771929740905762, 0.8855835199356079, 0.893211305141449, 0.8741418719291687, 0.9244851469993591, 0.9016018509864807, 0.9305873513221741, 0.9443173408508301, 0.8802440762519836], "val_auc": [0.9630240201950073, 0.9800644516944885, 0.9844264388084412, 0.9852945804595947, 0.9819149374961853, 0.9907153248786926, 0.9877223968505859, 0.9930675625801086, 0.9938124418258667, 0.9845657348632812], "val_f1_score": [[0.7999998927116394, 0.6844740509986877, 0.9424723982810974, 0.8370044231414795], [0.8118080496788025, 0.7964860796928406, 0.9680589437484741, 0.9056602716445923], [0.8007662296295166, 0.8065475225448608, 0.9777777194976807, 0.9223300218582153], [0.8663101196289062, 0.8123979568481445, 0.9461358189582825, 0.9259258508682251], [0.8111887574195862, 0.7811933755874634, 0.9749372601509094, 0.9028776288032532], [0.9003435969352722, 0.8599998950958252, 0.9900989532470703, 0.9240506291389465], [0.8561019897460938, 0.8430231809616089, 0.9804877638816833, 0.9026548266410828], [0.8824592232704163, 0.8808445930480957, 0.9938649535179138, 0.9441623687744141], [0.914185643196106, 0.9043759107589722, 0.9975368976593018, 0.9421221017837524], [0.8126159310340881, 0.8164383172988892, 0.9373367428779602, 0.9471890330314636]], "val_loss": [0.4671595096588135, 0.33306342363357544, 0.29251766204833984, 0.2770204246044159, 0.3081008791923523, 0.21320897340774536, 0.2606251537799835, 0.19116239249706268, 0.16628147661685944, 0.32047608494758606], "val_precision": [0.8456000089645386, 0.8940711617469788, 0.8922480344772339, 0.9014084339141846, 0.8849765062332153, 0.9325581192970276, 0.9102861285209656, 0.9304812550544739, 0.9470452666282654, 0.8812260627746582], "val_recall": [0.8062547445297241, 0.8627002239227295, 0.8779557347297668, 0.8787185549736023, 0.8627002239227295, 0.9176201224327087, 0.8977879285812378, 0.929061770439148, 0.9412662386894226, 0.8771929740905762]}