{"accuracy": [0.7769607901573181, 0.8764005899429321, 0.8991596698760986, 0.9213935732841492, 0.9418767690658569, 0.9441526532173157, 0.9546568393707275, 0.969362735748291, 0.968662440776825, 0.9842436909675598], "auc_1": [0.9210523962974548, 0.9800938963890076, 0.9862233400344849, 0.9909818768501282, 0.9943328499794006, 0.9954503178596497, 0.9969966411590576, 0.9985145330429077, 0.9985726475715637, 0.9993671178817749], "f1_score": [[0.7557743191719055, 0.6426402926445007, 0.890363335609436, 0.7940978407859802], [0.8567048907279968, 0.7786605358123779, 0.9531887769699097, 0.898259699344635], [0.8743757009506226, 0.8158090710639954, 0.9663838744163513, 0.9242218732833862], [0.907357931137085, 0.8487584590911865, 0.9787366390228271, 0.9371815323829651], [0.9276922941207886, 0.8891351222991943, 0.988412082195282, 0.9524785280227661], [0.9227827787399292, 0.891377329826355, 0.9884410500526428, 0.9631146788597107], [0.9410412907600403, 0.9090232849121094, 0.9928146600723267, 0.9671007394790649], [0.9587154984474182, 0.939866304397583, 0.9949905872344971, 0.9780821204185486], [0.9480469226837158, 0.9363128542900085, 0.9974920749664307, 0.985576868057251], [0.9745150208473206, 0.9695619344711304, 0.9984330534934998, 0.9910652041435242]], "loss": [0.9802712202072144, 0.3290367126464844, 0.2700868844985962, 0.21534201502799988, 0.1655874401330948, 0.15243341028690338, 0.12239453196525574, 0.08771559596061707, 0.0837872251868248, 0.053593575954437256], "precision_1": [0.7957305908203125, 0.8905373811721802, 0.9096935987472534, 0.9268985390663147, 0.9456733465194702, 0.9485956430435181, 0.9561928510665894, 0.9701754450798035, 0.9697980880737305, 0.9845668077468872], "recall_1": [0.7570028305053711, 0.8616946935653687, 0.8888305425643921, 0.9145658016204834, 0.9355742335319519, 0.9401260614395142, 0.9515056014060974, 0.968137264251709, 0.966911792755127, 0.9828431606292725], "val_accuracy": [0.8108314275741577, 0.8344774842262268, 0.879481315612793, 0.8787185549736023, 0.9099923968315125, 0.9122806787490845, 0.9275362491607666, 0.9244851469993591, 0.9435545206069946, 0.9344012141227722], "val_auc_1": [0.9561912417411804, 0.9692015647888184, 0.9818761348724365, 0.9827151298522949, 0.9911733269691467, 0.9897333979606628, 0.9920670986175537, 0.9923065900802612, 0.9945670366287231, 0.9931723475456238], "val_f1_score": [[0.6852247714996338, 0.6915350556373596, 0.9305723905563354, 0.8791208267211914], [0.7972027659416199, 0.6133909225463867, 0.9549999237060547, 0.8850930333137512], [0.8817566633224487, 0.7433961033821106, 0.9688248634338379, 0.8738738894462585], [0.8389057517051697, 0.8062826991081238, 0.932982861995697, 0.9206348657608032], [0.8529945015907288, 0.8454544544219971, 0.9913042783737183, 0.9240923523902893], [0.8713234663009644, 0.8416288495063782, 0.9851484894752502, 0.9291597008705139], [0.8941978812217712, 0.8767550587654114, 0.9850745797157288, 0.9373942017555237], [0.8873238563537598, 0.8685014843940735, 0.9889839887619019, 0.9331045746803284], [0.9131943583488464, 0.9025156497955322, 0.9950859546661377, 0.9463086724281311], [0.8812949061393738, 0.883720874786377, 0.9950859546661377, 0.9555188417434692]], "val_loss": [0.5151676535606384, 0.42993786931037903, 0.31384503841400146, 0.3112433850765228, 0.21463559567928314, 0.22962795197963715, 0.19097450375556946, 0.19342124462127686, 0.15712851285934448, 0.19583037495613098], "val_precision_1": [0.8261563181877136, 0.8567980527877808, 0.8912529349327087, 0.8942383527755737, 0.9166023135185242, 0.9182729125022888, 0.9338461756706238, 0.9285714030265808, 0.9433817863464355, 0.9351145029067993], "val_recall_1": [0.7902364730834961, 0.8123570084571838, 0.8627002239227295, 0.8642258048057556, 0.9054157137870789, 0.9084668159484863, 0.9260106682777405, 0.9221968054771423, 0.9405034184455872, 0.9344012141227722]}