{"accuracy": [0.6127451062202454, 0.8247548937797546, 0.8793767690658569, 0.9201680421829224, 0.9434523582458496, 0.9586834907531738, 0.9760153889656067, 0.9777660965919495, 0.9865196347236633, 0.9891456365585327], "auc_2": [0.8625917434692383, 0.9611138105392456, 0.9813644886016846, 0.9893666505813599, 0.9944005608558655, 0.9968807697296143, 0.9988400936126709, 0.9985218048095703, 0.9996559023857117, 0.9992319941520691], "f1_score": [[0.5511431097984314, 0.4454815089702606, 0.6979503035545349, 0.6936495900154114], [0.7708649635314941, 0.6611308455467224, 0.9270572662353516, 0.899377167224884], [0.8411853313446045, 0.7643020153045654, 0.9486779570579529, 0.9401014447212219], [0.8896551132202148, 0.8477365970611572, 0.9662710428237915, 0.9629124999046326], [0.9211331605911255, 0.8937430381774902, 0.9752892255783081, 0.9746053218841553], [0.944486677646637, 0.9195057153701782, 0.9806249737739563, 0.9832363724708557], [0.9645442962646484, 0.95457923412323, 0.9887288212776184, 0.992125928401947], [0.9704096913337708, 0.9582088589668274, 0.9887146949768066, 0.9904043078422546], [0.9768851399421692, 0.9739194512367249, 0.9971759915351868, 0.9951955676078796], [0.9867373108863831, 0.9813292622566223, 0.9937342405319214, 0.9934819340705872]], "loss": [0.8783037662506104, 0.4662255048751831, 0.31385427713394165, 0.2299661785364151, 0.16116073727607727, 0.11405282467603683, 0.06794866174459457, 0.06938665360212326, 0.03662964701652527, 0.03484880551695824], "precision_2": [0.7747617959976196, 0.8444980382919312, 0.8905829787254333, 0.9257944226264954, 0.9464128613471985, 0.9604569673538208, 0.9768542647361755, 0.9779102206230164, 0.9870357513427734, 0.989488422870636], "recall_2": [0.46971288323402405, 0.7967436909675598, 0.8692227005958557, 0.9129902124404907, 0.9399510025978088, 0.9567577242851257, 0.9753151535987854, 0.9765406250953674, 0.9863445162773132, 0.9887955188751221], "val_accuracy": [0.7444698810577393, 0.8108314275741577, 0.8863462805747986, 0.8985507488250732, 0.9412662386894226, 0.9542334079742432, 0.9557589888572693, 0.9618611931800842, 0.972540020942688, 0.966437816619873], "val_auc_2": [0.9324359893798828, 0.9581987857818604, 0.9837164878845215, 0.9882236123085022, 0.9941089749336243, 0.9973150491714478, 0.996367335319519, 0.9973107576370239, 0.9971258044242859, 0.9977558255195618], "val_f1_score": [[0.7580893039703369, 0.459081768989563, 0.8335357904434204, 0.8382126092910767], [0.806896448135376, 0.6092942953109741, 0.8858131170272827, 0.9023568034172058], [0.8465115427970886, 0.7546467185020447, 0.9538834095001221, 0.9528455138206482], [0.8571427464485168, 0.8038585186004639, 0.9464922547340393, 0.9657422304153442], [0.9240710139274597, 0.8844884037971497, 0.9696201682090759, 0.9785830974578857], [0.9337747097015381, 0.9096773266792297, 0.9925742149353027, 0.9694914817810059], [0.9531772136688232, 0.9047618508338928, 0.9759035706520081, 0.9801979064941406], [0.9417474865913391, 0.9304634928703308, 0.9938346743583679, 0.9711374640464783], [0.960132896900177, 0.9419568181037903, 0.9950859546661377, 0.9850745797157288], [0.952380895614624, 0.9337640404701233, 0.9889839887619019, 0.9832775592803955]], "val_loss": [0.620777428150177, 0.4779304563999176, 0.296305388212204, 0.25196412205696106, 0.17642368376255035, 0.11901392042636871, 0.12745362520217896, 0.09880948066711426, 0.08937361091375351, 0.09498701989650726], "val_precision_2": [0.7709214091300964, 0.8280507326126099, 0.8947368264198303, 0.9024577736854553, 0.9422633051872253, 0.9571537971496582, 0.9557251930236816, 0.9640122652053833, 0.972540020942688, 0.9664121866226196], "val_recall_2": [0.695652186870575, 0.7971014380455017, 0.8817696571350098, 0.8962624073028564, 0.9336384534835815, 0.9542334079742432, 0.9549961686134338, 0.9603356122970581, 0.972540020942688, 0.9656750559806824]}