{"accuracy": [0.5563725233078003, 0.6973039507865906, 0.7127100825309753, 0.7445728182792664, 0.7657563090324402, 0.7815126180648804, 0.781337559223175, 0.8023459315299988, 0.7963935732841492, 0.799369752407074], "auc_5": [0.8083295226097107, 0.9020707011222839, 0.9172488451004028, 0.9335086941719055, 0.9437875151634216, 0.9481415748596191, 0.9488597512245178, 0.9561243057250977, 0.9555531144142151, 0.9548332095146179], "f1_score": [[0.46491539478302, 0.43030062317848206, 0.7225719690322876, 0.5810237526893616], [0.6308579444885254, 0.5665063858032227, 0.8251884579658508, 0.7362317442893982], [0.6443000435829163, 0.5514734387397766, 0.8541733026504517, 0.7622738480567932], [0.6760562658309937, 0.5854631662368774, 0.8765629529953003, 0.8027703166007996], [0.7031593918800354, 0.6036363244056702, 0.8869840502738953, 0.8274292349815369], [0.7173833250999451, 0.6342241168022156, 0.8942520618438721, 0.8434525728225708], [0.7063549160957336, 0.6271049976348877, 0.9025315642356873, 0.8496041297912598], [0.7349352240562439, 0.6493817567825317, 0.917297899723053, 0.8685939311981201], [0.7304155826568604, 0.6505635380744934, 0.9032862782478333, 0.8625247478485107], [0.7286994457244873, 0.6554291844367981, 0.9176396131515503, 0.8593130111694336]], "loss": [1.0330359935760498, 0.7717997431755066, 0.6942700147628784, 0.6209026575088501, 0.5697932839393616, 0.5437991619110107, 0.5375224351882935, 0.49699294567108154, 0.49999943375587463, 0.5024322867393494], "precision_5": [0.7734757661819458, 0.7821002006530762, 0.7694148421287537, 0.7930470108985901, 0.8052922487258911, 0.8148869872093201, 0.8088658452033997, 0.8262760043144226, 0.8239849209785461, 0.824515163898468], "recall_5": [0.3042716979980469, 0.5385153889656067, 0.6192227005958557, 0.6789215803146362, 0.7139355540275574, 0.7321428656578064, 0.7379201650619507, 0.7652310729026794, 0.7638305425643921, 0.7666316628456116], "val_accuracy": [0.5758962631225586, 0.6765827536582947, 0.68954998254776, 0.6704805493354797, 0.7475209832191467, 0.746758222579956, 0.7215865850448608, 0.752860426902771, 0.7337909936904907, 0.7581998705863953], "val_auc_5": [0.8324781656265259, 0.8830950856208801, 0.9053286910057068, 0.8885663747787476, 0.9306840896606445, 0.9250485897064209, 0.9247642159461975, 0.9362138509750366, 0.9272150993347168, 0.9419389367103577], "val_f1_score": [[0.5273311138153076, 0.4899597465991974, 0.7135278582572937, 0.5571141839027405], [0.6779659986495972, 0.40789470076560974, 0.7724867463111877, 0.7307692170143127], [0.6649349927902222, 0.46558699011802673, 0.817010223865509, 0.7422680258750916], [0.664624810218811, 0.3480391800403595, 0.8124998807907104, 0.7078787684440613], [0.7081174254417419, 0.5454544425010681, 0.8634145855903625, 0.8053490519523621], [0.7009173631668091, 0.5233644247055054, 0.8378672003746033, 0.844301700592041], [0.5429863333702087, 0.5659776926040649, 0.8609112501144409, 0.8061366081237793], [0.7289155721664429, 0.5299805402755737, 0.8630136847496033, 0.8141592741012573], [0.5625, 0.5840407013893127, 0.8687571883201599, 0.8011049032211304], [0.7219250798225403, 0.5747572183609009, 0.8601035475730896, 0.831345796585083]], "val_loss": [0.9602949023246765, 0.8238089680671692, 0.7326119542121887, 0.8395472764968872, 0.6271424889564514, 0.656886637210846, 0.6574435830116272, 0.6006450653076172, 0.6606431603431702, 0.5677772164344788], "val_precision_5": [0.692307710647583, 0.7426778078079224, 0.7404718399047852, 0.7042132616043091, 0.7810599207878113, 0.7765505313873291, 0.7671821117401123, 0.7898305058479309, 0.767872154712677, 0.7871452569961548], "val_recall_5": [0.3707093894481659, 0.541571319103241, 0.6224256157875061, 0.6247139573097229, 0.6857360601425171, 0.6971777081489563, 0.6811594367027283, 0.7109076976776123, 0.6964149475097656, 0.719298243522644]}