{"accuracy": [0.5609243512153625, 0.6918767690658569, 0.7216386795043945, 0.7475489974021912, 0.7657563090324402, 0.783088207244873, 0.7820377945899963, 0.8037465214729309, 0.8047969341278076, 0.8063725233078003], "auc": [0.8164619207382202, 0.9021947383880615, 0.9211847186088562, 0.9319016337394714, 0.9421959519386292, 0.9496714472770691, 0.9510291814804077, 0.9556277394294739, 0.9586173295974731, 0.9596222043037415], "f1_score": [[0.4638204872608185, 0.4374999403953552, 0.7073643207550049, 0.5977010726928711], [0.6073529124259949, 0.5666400194168091, 0.8246816396713257, 0.7355661392211914], [0.6644997596740723, 0.5726907253265381, 0.850470244884491, 0.7644386291503906], [0.675575315952301, 0.6177759170532227, 0.8649855852127075, 0.7966320514678955], [0.7048170566558838, 0.6083133220672607, 0.8936440944671631, 0.8191419243812561], [0.7206418514251709, 0.6419752836227417, 0.8945200443267822, 0.8407431840896606], [0.7089906930923462, 0.6350862383842468, 0.8952199220657349, 0.8501147031784058], [0.7397058010101318, 0.666666567325592, 0.910646378993988, 0.8633520007133484], [0.7409325838088989, 0.6664025187492371, 0.9133459329605103, 0.863636314868927], [0.7385404109954834, 0.6560888290405273, 0.9202530384063721, 0.8740052580833435]], "loss": [1.0157039165496826, 0.7682379484176636, 0.6797713041305542, 0.6276760101318359, 0.5774210691452026, 0.536946177482605, 0.5280957818031311, 0.5005136132240295, 0.48091575503349304, 0.47525912523269653], "precision": [0.7767584323883057, 0.7828930616378784, 0.7801387906074524, 0.7947518229484558, 0.8056768774986267, 0.8148148059844971, 0.8141982555389404, 0.8293470144271851, 0.8286464214324951, 0.8255857229232788], "recall": [0.3112744987010956, 0.5448179244995117, 0.6299019455909729, 0.6839985847473145, 0.7106092572212219, 0.7356442809104919, 0.7449229955673218, 0.7648809552192688, 0.773809552192688, 0.7773109078407288], "val_accuracy": [0.5858123302459717, 0.6948894262313843, 0.6964149475097656, 0.6193745136260986, 0.7398931980133057, 0.7475209832191467, 0.7299771308898926, 0.7398931980133057, 0.7612509727478027, 0.746758222579956], "val_auc": [0.8427088260650635, 0.8963320255279541, 0.899651288986206, 0.8776328563690186, 0.925712525844574, 0.9311941266059875, 0.9200520515441895, 0.9282328486442566, 0.9429515600204468, 0.9240441918373108], "val_f1_score": [[0.41935473680496216, 0.4948185980319977, 0.743654727935791, 0.6360423564910889], [0.6700507402420044, 0.47470811009407043, 0.7927107214927673, 0.7605632543563843], [0.61478590965271, 0.5009633898735046, 0.8262453079223633, 0.744125247001648], [0.42105257511138916, 0.5406593084335327, 0.7551621794700623, 0.740484356880188], [0.7254334688186646, 0.4625850021839142, 0.83863365650177, 0.8156249523162842], [0.7131536602973938, 0.5534350872039795, 0.8497408628463745, 0.8115107417106628], [0.6987577080726624, 0.5641025304794312, 0.8109588027000427, 0.8034186959266663], [0.6503066420555115, 0.5543477535247803, 0.8561484813690186, 0.8038942813873291], [0.727007269859314, 0.5780346393585205, 0.8508996367454529, 0.8374999761581421], [0.742096483707428, 0.5490195751190186, 0.8205127120018005, 0.8059700727462769]], "val_loss": [0.9401665329933167, 0.7812649011611938, 0.7632989883422852, 0.8307181596755981, 0.6561208963394165, 0.6254551410675049, 0.6873083710670471, 0.6538559198379517, 0.5665585994720459, 0.6654045581817627], "val_precision": [0.6916426420211792, 0.7632696628570557, 0.746268630027771, 0.6657705903053284, 0.7762826085090637, 0.7745180130004883, 0.7516393661499023, 0.7735690474510193, 0.7895609140396118, 0.7771236300468445], "val_recall": [0.3661327362060547, 0.5484362840652466, 0.6102212071418762, 0.5667429566383362, 0.7040427327156067, 0.7048054933547974, 0.6994660496711731, 0.7009916305541992, 0.7269260287284851, 0.7048054933547974]}