{"accuracy": [0.5593487620353699, 0.668767511844635, 0.7298669219017029, 0.7426470518112183, 0.7659313678741455, 0.7892156839370728, 0.7864145636558533, 0.7974439859390259, 0.8039215803146362, 0.805672287940979], "auc": [0.8072051405906677, 0.8905134201049805, 0.9245688915252686, 0.9312392473220825, 0.9427371621131897, 0.9495128393173218, 0.9518594741821289, 0.9552590847015381, 0.9581608772277832, 0.9590291976928711], "f1_score": [[0.4653322994709015, 0.4364079236984253, 0.7142384648323059, 0.59018474817276], [0.5892267823219299, 0.5280898809432983, 0.8045088052749634, 0.7159456610679626], [0.6623329520225525, 0.5830345749855042, 0.8518276214599609, 0.7889609932899475], [0.6590405702590942, 0.591338574886322, 0.8743976354598999, 0.8082325458526611], [0.699489414691925, 0.6059389114379883, 0.8871892094612122, 0.8315857648849487], [0.7226276993751526, 0.6388442516326904, 0.904022753238678, 0.853377103805542], [0.71491539478302, 0.6406995058059692, 0.9073078036308289, 0.845619797706604], [0.7214545011520386, 0.6468221545219421, 0.9139072299003601, 0.8684123158454895], [0.7379639744758606, 0.657381534576416, 0.9185419678688049, 0.8652387857437134], [0.7402501106262207, 0.6603399515151978, 0.9135100245475769, 0.8733798265457153]], "loss": [1.0346125364303589, 0.8033181428909302, 0.6734093427658081, 0.6310529708862305, 0.5751210451126099, 0.537841260433197, 0.5226394534111023, 0.5032920241355896, 0.4858940541744232, 0.47869065403938293], "precision": [0.7609668970108032, 0.7549044489860535, 0.7943009734153748, 0.7887440323829651, 0.804776132106781, 0.8204430341720581, 0.8155784606933594, 0.8236181735992432, 0.8309087753295898, 0.8290358781814575], "recall": [0.2976190447807312, 0.518732488155365, 0.6246498823165894, 0.6673669219017029, 0.7079831957817078, 0.7391456365585327, 0.7478991746902466, 0.7643557190895081, 0.769957959651947, 0.7767857313156128], "val_accuracy": [0.5537757277488708, 0.5949656963348389, 0.6849732995033264, 0.7147215604782104, 0.6872616410255432, 0.7498093247413635, 0.7475209832191467, 0.7643020749092102, 0.7368420958518982, 0.7658275961875916], "val_auc": [0.8279169201850891, 0.8583257794380188, 0.8998883366584778, 0.9170501828193665, 0.9076095819473267, 0.9366808533668518, 0.9371596574783325, 0.9416947364807129, 0.9250087738037109, 0.9451189041137695], "val_f1_score": [[0.30331745743751526, 0.4622753858566284, 0.717131495475769, 0.6503267288208008], [0.33495140075683594, 0.48536577820777893, 0.7873303294181824, 0.6482213139533997], [0.5142856240272522, 0.5345079898834229, 0.8259803652763367, 0.7820895910263062], [0.6874999403953552, 0.4775509536266327, 0.8145265579223633, 0.7982582449913025], [0.5056946873664856, 0.5112358331680298, 0.837104082107544, 0.8109028935432434], [0.694942831993103, 0.59183669090271, 0.8528301119804382, 0.8210861682891846], [0.6876090168952942, 0.5588752031326294, 0.8546797633171082, 0.8293412923812866], [0.6779661178588867, 0.6199375987052917, 0.8721624612808228, 0.843137264251709], [0.6766355037689209, 0.5866209268569946, 0.8158168196678162, 0.8176795840263367], [0.7430938482284546, 0.5431578755378723, 0.8597167134284973, 0.8421052098274231]], "val_loss": [0.9712242484092712, 0.8875962495803833, 0.7533233165740967, 0.6897411346435547, 0.7242075204849243, 0.5958210825920105, 0.5953975319862366, 0.5716423988342285, 0.6545259952545166, 0.5575724244117737], "val_precision": [0.6717877388000488, 0.6531073451042175, 0.7346153855323792, 0.7519514560699463, 0.7287377119064331, 0.7862595319747925, 0.784214973449707, 0.7962806224822998, 0.7761324048042297, 0.7914963364601135], "val_recall": [0.36689549684524536, 0.4408848285675049, 0.5827612280845642, 0.6613272428512573, 0.6209000945091248, 0.7070938348770142, 0.7124332785606384, 0.7185354828834534, 0.6796338558197021, 0.7383676767349243]}